{"cameraMode":{"drawMode":0,"name":"Shaded","section":"Shading Mode"},"sceneLighting":true,"audioPlay":false,"sceneViewState":{"m_AlwaysRefresh":false,"showFog":true,"showSkybox":true,"showFlares":true,"showImageEffects":true,"showParticleSystems":true,"showVisualEffectGraphs":true,"m_FxEnabled":true},"in2DMode":false,"pivot":{"x":-4.1244659423828129,"y":-1.2768222093582154,"z":3.306232213973999},"rotation":{"x":-0.3018674850463867,"y":-0.08262143284082413,"z":0.026578906923532487,"w":-0.9495999813079834},"size":4.962838172912598,"orthographic":false}