{"cameraMode":{"drawMode":0,"name":"Shaded","section":"Shading Mode"},"sceneLighting":true,"audioPlay":false,"sceneViewState":{"m_AlwaysRefresh":false,"showFog":true,"showSkybox":true,"showFlares":true,"showImageEffects":true,"showParticleSystems":true,"showVisualEffectGraphs":true,"m_FxEnabled":true},"in2DMode":false,"pivot":{"x":0.028627105057239534,"y":1.308760166168213,"z":0.10191672295331955},"rotation":{"x":-0.006523859221488237,"y":-0.6888211369514465,"z":-0.006199786439538002,"w":0.724878191947937},"size":0.2353898286819458,"orthographic":true}