{"cameraMode":{"drawMode":0,"name":"Shaded","section":"Shading Mode"},"sceneLighting":true,"audioPlay":false,"sceneViewState":{"m_AlwaysRefresh":false,"showFog":true,"showSkybox":true,"showFlares":true,"showImageEffects":true,"showParticleSystems":true,"showVisualEffectGraphs":true,"m_FxEnabled":true},"in2DMode":false,"pivot":{"x":1.1288368701934815,"y":2.1497414112091066,"z":1.6895709037780762},"rotation":{"x":0.049851734191179278,"y":-0.9500348567962647,"z":0.22526207566261292,"w":0.2102445513010025},"size":0.8660253882408142,"orthographic":false}